Informe de palabras clave de búsqueda,,,,,,,,,,,,,,,,,,,,,,
1 de abril de 2026 - 30 de abril de 2026,,,,,,,,,,,,,,,,,,,,,,
Estado de palabras clave,Palabra clave,Tipo de concordancia,Campaña,Grupo de anuncios,Estado,Motivos del estado,URL final,Impr.,Interacciones,Porcentaje de interacción,Código de moneda,Costo prom.,Costo,% impr. parte sup. búsqueda,% impr. perdidas de la Búsqueda (ranking),% impr. perdidas parte sup. búsqueda (clasificación),% absoluto impr. perdidas parte sup. búsqueda (clasificación),Clics,Porcentaje de conv.,Conversiones,Prom. CPC,Costo/conv.
Habilitado,Consultoría de activos,Concordancia amplia,IDG_AQUARIUSCONSULTING_PE_SKAG-ACTIVOSFIJOS,IDG_AQUARIUSCONSULTING_PE_SKAG-ACTIVOSFIJOS,Apta,,,13,2,15.38%,PEN,0.40,0.80,< 10%,50.00%,50.00%,50.00%,2,0.00%,0.00,0.40,0.00
Detenido,Control de activos fijos,Concordancia amplia,IDG_AQUARIUSCONSULTING_PE_SKAG-ACTIVOSFIJOS,IDG_AQUARIUSCONSULTING_PE_SKAG-ACTIVOSFIJOS,Detenida,detenido; baja calidad,,"1,163",204,17.54%,PEN,0.60,121.75,10.00%,80.00%,80.00%,90.00%,204,7.35%,15.00,0.60,8.12
Habilitado,Gestión de activos fijos,Concordancia amplia,IDG_AQUARIUSCONSULTING_PE_SKAG-ACTIVOSFIJOS,IDG_AQUARIUSCONSULTING_PE_SKAG-ACTIVOSFIJOS,Limitada,baja calidad,,385,82,21.30%,PEN,0.54,44.47,< 10%,0.00%,0.00%,0.00%,82,4.88%,4.00,0.54,11.12
Habilitado,inventario de activos fijos,Concordancia amplia,IDG_AQUARIUSCONSULTING_PE_SKAG-ACTIVOSFIJOS,IDG_AQUARIUSCONSULTING_PE_SKAG-ACTIVOSFIJOS,Apta,,,"1,29",244,18.91%,PEN,0.65,159.45,< 10%,70.45%,71.45%,74.08%,244,6.97%,17.00,0.65,9.38
Habilitado,Inventario retail,Concordancia amplia,IDG_AQUARIUSCONSULTING_PE_SKAG-ACTIVOSFIJOS,IDG_AQUARIUSCONSULTING_PE_SKAG-ACTIVOSFIJOS,Apta,,,105,24,22.86%,PEN,0.76,18.30,< 10%,16.67%,16.67%,22.22%,24,8.33%,2.00,0.76,9.15
Habilitado,Gestión de activos empresa,Concordancia amplia,IDG_AQUARIUSCONSULTING_PE_SKAG-ACTIVOSFIJOS,IDG_AQUARIUSCONSULTING_PE_SKAG-ACTIVOSFIJOS,Limitada,baja calidad,,71,16,22.54%,PEN,0.76,12.14,< 10%,> 90%,> 90%,> 90%,16,0.00%,0.00,0.76,0.00
Habilitado,Fotogrametría con drones,Concordancia amplia,IDG_AQUARIUSCONSULTING_PE_SKAG-FOTOGRAMETRÍACONDRONES,IDG_AQUARIUSCONSULTING_PE_SKAG-FOTOGRAMETRÍACONDRONES,Apta,,,"1,323",101,7.63%,PEN,1.59,160.70,< 10%,45.00%,46.57%,51.41%,101,9.90%,10.00,1.59,16.07
Habilitado,Drones para topografía,Concordancia amplia,IDG_AQUARIUSCONSULTING_PE_SKAG-FOTOGRAMETRÍACONDRONES,IDG_AQUARIUSCONSULTING_PE_SKAG-FOTOGRAMETRÍACONDRONES,Apta,,,35,1,2.86%,PEN,0.61,0.61,< 10%,47.43%,49.75%,51.73%,1,100.00%,1.00,0.61,0.61
Habilitado,Levantamientos aéreos,Concordancia amplia,IDG_AQUARIUSCONSULTING_PE_SKAG-FOTOGRAMETRÍACONDRONES,IDG_AQUARIUSCONSULTING_PE_SKAG-FOTOGRAMETRÍACONDRONES,Apta,,,102,15,14.71%,PEN,1.41,21.22,< 10%,49.25%,50.11%,53.66%,15,6.67%,1.00,1.41,21.22
Habilitado,Documentos Digitalizados,Concordancia amplia,IDG_AQUARIUSCONSULTING_PE_SKAG-DIGITALIZACIONDEDCOUMENTOS,IDG_AQUARIUSCONSULTING_PE_SKAG-DIGITALIZACIONDEDOCUMENTOS,No apta,campaña detenida,,428,83,19.39%,PEN,0.73,60.85,< 10%,31.13%,32.24%,35.62%,83,10.84%,9.00,0.73,6.76
Habilitado,Servicio de Digitalización,Concordancia amplia,IDG_AQUARIUSCONSULTING_PE_SKAG-DIGITALIZACIONDEDCOUMENTOS,IDG_AQUARIUSCONSULTING_PE_SKAG-DIGITALIZACIONDEDOCUMENTOS,No apta,campaña detenida,,268,53,19.78%,PEN,0.57,30.33,< 10%,66.67%,66.67%,75.00%,53,9.43%,5.00,0.57,06.07
Habilitado,control interno empresarial,Concordancia amplia,IDG_AQUARIUSCONSULTING_PE_SKAG-DIAGNOSTICOSISTEMACONTROLINTERNOTICO,IDG_AQUARIUSCONSULTING_PE_SKAG-DIAGNOSTICOSISTEMACONTROLINTERNOTICO-GRUPO,No apta,campaña detenida,,341,55,16.13%,PEN,0.55,30.11,< 10%,> 90%,> 90%,> 90%,55,1.82%,1.00,0.55,30.11
Habilitado,gestión de riesgos operativos,Concordancia amplia,IDG_AQUARIUSCONSULTING_PE_SKAG-DIAGNOSTICOSISTEMACONTROLINTERNOTICO,IDG_AQUARIUSCONSULTING_PE_SKAG-DIAGNOSTICOSISTEMACONTROLINTERNOTICO-GRUPO,No apta,campaña detenida,,500,59,11.80%,PEN,0.61,35.70,< 10%,88.56%,89.21%,> 90%,59,0.00%,0.00,0.61,0.00
Habilitado,mejora de procesos internos,Concordancia amplia,IDG_AQUARIUSCONSULTING_PE_SKAG-DIAGNOSTICOSISTEMACONTROLINTERNOTICO,IDG_AQUARIUSCONSULTING_PE_SKAG-DIAGNOSTICOSISTEMACONTROLINTERNOTICO-GRUPO,No apta,campaña detenida; publicación limitada,,127,17,13.39%,PEN,0.87,14.81,< 10%,89.14%,> 90%,> 90%,17,29.41%,5.00,0.87,2.96
Habilitado,Gestión de almacenes,Concordancia amplia,IDG_AQUARIUSCONSULTING_PE_SKAG-OUTSOURCINGDEALMACENES,IDG_AQUARIUSCONSULTING_PE_SKAG-OUTSOURCINGDEALMACENES,Apta,,,593,150,25.30%,PEN,1.45,218.14,< 10%,43.70%,44.47%,46.31%,150,16.67%,25.00,1.45,8.73
Habilitado,Almacenes en Perú,Concordancia amplia,IDG_AQUARIUSCONSULTING_PE_SKAG-OUTSOURCINGDEALMACENES,IDG_AQUARIUSCONSULTING_PE_SKAG-OUTSOURCINGDEALMACENES,Apta,,,21,2,9.52%,PEN,0.90,1.81,10.00%,30.00%,30.00%,30.00%,2,0.00%,0.00,0.90,0.00
Habilitado,Outsourcing de almacenes,Concordancia amplia,IDG_AQUARIUSCONSULTING_PE_SKAG-OUTSOURCINGDEALMACENES,IDG_AQUARIUSCONSULTING_PE_SKAG-OUTSOURCINGDEALMACENES,Apta,,,18,3,16.67%,PEN,1.50,4.49,--,--,--,--,3,0.00%,0.00,1.50,0.00
Detenido,Control de almacenes,Concordancia amplia,IDG_AQUARIUSCONSULTING_PE_SKAG-OUTSOURCINGDEALMACENES,IDG_AQUARIUSCONSULTING_PE_SKAG-OUTSOURCINGDEALMACENES,Detenida,detenido,,27,7,25.93%,PEN,0.90,6.30,< 10%,50.00%,50.00%,50.00%,7,0.00%,0.00,0.90,0.00
Habilitado,Alquiler de almacenes,Concordancia amplia,IDG_AQUARIUSCONSULTING_PE_SKAG-OUTSOURCINGDEALMACENES,IDG_AQUARIUSCONSULTING_PE_SKAG-OUTSOURCINGDEALMACENES,Apta,,,395,65,16.46%,PEN,1.60,103.69,< 10%,41.27%,42.73%,45.08%,65,9.23%,6.00,1.60,17.28
Habilitado,Software de activos fijos,Concordancia amplia,IDG_AQUARIUSCONSULTING_PE_SKAG-PRODUCTOSTI,IDG_AQUARIUSCONSULTING_PE_SKAG-PRODUCTOSTI,No apta,campaña detenida,,151,39,25.83%,PEN,0.60,23.35,--,--,--,--,39,7.69%,3.00,0.60,7.78
Habilitado,Soluciones tecnológicas TI,Concordancia amplia,IDG_AQUARIUSCONSULTING_PE_SKAG-PRODUCTOSTI,IDG_AQUARIUSCONSULTING_PE_SKAG-PRODUCTOSTI,No apta,campaña detenida; publicación limitada,,192,34,17.71%,PEN,0.49,16.82,--,--,--,--,34,0.00%,0.00,0.49,0.00
Habilitado,Sistemas TI empresariales,Concordancia amplia,IDG_AQUARIUSCONSULTING_PE_SKAG-PRODUCTOSTI,IDG_AQUARIUSCONSULTING_PE_SKAG-PRODUCTOSTI,No apta,campaña detenida,,262,67,25.57%,PEN,0.56,37.75,--,--,--,--,67,8.96%,6.00,0.56,6.29
Habilitado,Software de RRHH,Concordancia amplia,IDG_AQUARIUSCONSULTING_PE_SKAG-PRODUCTOSTI,IDG_AQUARIUSCONSULTING_PE_SKAG-PRODUCTOSTI,No apta,campaña detenida,,92,17,18.48%,PEN,0.78,13.29,--,--,--,--,17,17.65%,3.00,0.78,4.43
Habilitado,Servicios logísticos,Concordancia amplia,IDG_AQUARIUSCONSULTING_PE_SKAG-GESTIONLOGISTICA,IDG_AQUARIUSCONSULTING_PE_SKAG-GESTIONLOGISTICA,Apta,,,102,14,13.73%,PEN,1.28,17.89,< 10%,58.16%,58.41%,59.02%,14,0.00%,0.00,1.28,0.00
Habilitado,Logística empresarial,Concordancia amplia,IDG_AQUARIUSCONSULTING_PE_SKAG-GESTIONLOGISTICA,IDG_AQUARIUSCONSULTING_PE_SKAG-GESTIONLOGISTICA,Apta,,,893,214,23.96%,PEN,1.34,285.93,< 10%,62.47%,62.87%,63.40%,214,21.03%,45.00,1.34,6.35
Habilitado,Soluciones logísticas,Concordancia amplia,IDG_AQUARIUSCONSULTING_PE_SKAG-ALMACENAMIENTO,IDG_AQUARIUSCONSULTING_PE_SKAG-ALMACENAMIENTO,Apta,,,15,6,40.00%,PEN,1.75,10.52,--,--,--,--,6,33.33%,2.00,1.75,5.26
Habilitado,Almacenaje,Concordancia amplia,IDG_AQUARIUSCONSULTING_PE_SKAG-ALMACENAMIENTO,IDG_AQUARIUSCONSULTING_PE_SKAG-ALMACENAMIENTO,Apta,,,423,74,17.49%,PEN,0.97,72.09,< 10%,18.95%,19.74%,22.62%,74,8.11%,6.00,0.97,12.02
Habilitado,Almacenamiento empresarial,Concordancia amplia,IDG_AQUARIUSCONSULTING_PE_SKAG-ALMACENAMIENTO,IDG_AQUARIUSCONSULTING_PE_SKAG-ALMACENAMIENTO,Apta,,,82,13,15.85%,PEN,0.64,8.32,--,--,--,--,13,7.69%,1.00,0.64,8.32
Habilitado,Gestión de inventarios,Concordancia amplia,IDG_AQUARIUSCONSULTING_PE_SKAG-ALMACENAMIENTO,IDG_AQUARIUSCONSULTING_PE_SKAG-ALMACENAMIENTO,Apta,,,77,21,27.27%,PEN,1.20,25.15,--,--,--,--,21,4.76%,1.00,1.20,25.15
Habilitado,Servicios logísticos,Concordancia amplia,IDG_AQUARIUSCONSULTING_PE_SKAG-ALMACENAMIENTO,IDG_AQUARIUSCONSULTING_PE_SKAG-ALMACENAMIENTO,Apta,,,105,34,32.38%,PEN,1.92,65.37,< 10%,18.03%,18.03%,18.03%,34,26.47%,9.00,1.92,7.26
Habilitado,alquiler de almacenes,Concordancia amplia,IDG_AQUARIUSCONSULTING_PE_SKAG-ALMACENAMIENTO,IDG_AQUARIUSCONSULTING_PE_SKAG-ALMACENAMIENTO,Apta,,,24,2,8.33%,PEN,0.56,1.13,< 10%,21.76%,21.97%,22.49%,2,0.00%,0.00,0.56,0.00
Habilitado,Servicios de valuación,Concordancia amplia,IDG_AQUARIUSCONSULTING_PE_SKAG-VALUACIONESCOMERCIALES,IDG_AQUARIUSCONSULTING_PE_SKAG-VALUACIONESCOMERCIALES,No apta,campaña detenida,,"1,052",51,4.85%,PEN,1.38,70.52,< 10%,59.35%,61.13%,67.24%,51,3.92%,2.00,1.38,35.26
Habilitado,Tasaciones Perú,Concordancia amplia,IDG_AQUARIUSCONSULTING_PE_SKAG-VALUACIONESCOMERCIALES,IDG_AQUARIUSCONSULTING_PE_SKAG-VALUACIONESCOMERCIALES,No apta,campaña detenida,,302,10,3.31%,PEN,1.53,15.26,< 10%,67.20%,68.71%,71.68%,10,10.00%,1.00,1.53,15.26
Habilitado,Valuación empresarial,Concordancia amplia,IDG_AQUARIUSCONSULTING_PE_SKAG-VALUACIONESCOMERCIALES,IDG_AQUARIUSCONSULTING_PE_SKAG-VALUACIONESCOMERCIALES,No apta,campaña detenida,,81,7,8.64%,PEN,0.74,5.21,< 10%,65.59%,66.30%,69.84%,7,0.00%,0.00,0.74,0.00
Total: Palabras clave filtradas,,--,--,--,--,,,"11,058","1,786",16.15%,PEN,0.96,1714.30,< 10%,55.82%,56.88%,--,"1,786",10.08%,180.00,0.96,9.52
Total: Palabras clave de tu cuenta,,,,,,,,"11,818","1,898",16.06%,PEN,0.93,1774.60,< 10%,55.66%,56.71%,,"1,898",9.96%,189.00,0.93,9.39
Total: Sus palabras clave,,,,,,,,"11,818","1,898",16.06%,PEN,0.93,1774.60,--,--,--,,"1,898",9.96%,189.00,0.93,9.39
Total: Coincidencias expandidas de IA Max,,,,,,,,0,0,--,PEN,0,0.00,--,--,--,,0,0.00%,0.00,0,0.00
Total: Coincidencias de páginas de destino de IA Max,,,,,,,,0,0,--,PEN,0,0.00,--,--,--,,0,0.00%,0.00,0,0.00
Total: Inclusiones de URLs de tu cuenta,,,,,,,,0,0,--,PEN,0,0.00,--,--,--,,0,0.00%,0.00,0,0.00
Total: Palabras clave de búsqueda en la Red de Display,,,,,,,,0,0,--,PEN,0,0.00,--,--,--,,0,0.00%,0.00,0,0.00
Total: Cuenta,,,,,,,,"11,818","1,898",16.06%,PEN,0.93,1774.60,< 10%,55.66%,56.71%,,"1,898",9.96%,189.00,0.93,9.39
Total: Búsqueda,,,,,,,,"11,818","1,898",16.06%,PEN,0.93,1774.60,< 10%,55.66%,56.71%,,"1,898",9.96%,189.00,0.93,9.39
Total: Inteligente,,,,,,,,0,0,--,PEN,0,0.00,--,--,--,,0,0.00%,0.00,0,0.00